Nombre,Región,Comuna,Dirección,Contacto,Teléfono,Correo,Capacitaciones,Préstamos,Acceso a Internet,,
Biblioteca Pública 305 BC1,Tarapacá,Alto Hospicio,Avenida Los Alamos 3020,Maria Nieves Coca,988866420,b305bc1@abretumundo.cl,SI,SI,SI,,
Biblioteca Pública 326 BC1,Tarapacá,Huara,Avenida Esmeralda s/n,Marcia Paola Passache,988109500,b326bc1@abretumundo.cl,NO,SI,SI,,
Biblioteca Pública 340 BC1,Tarapacá,Huara,Calle Arturo Prat s/n,Ricardo Antonio Demetri,985871321,b340bc1@abretumundo.cl,NO,SI,SI,,
Biblioteca Pública 211 BC1,Tarapacá,Iquique,Avenida Pedro Gamboni 2850,Silvana Zoila Flores,972120971,b211bc1@abretumundo.cl,SI,SI,SI,,
Biblioteca Pública 214 BC1,Tarapacá,Iquique,Avenida 12 de febrero 1802 / Libertad 909,Carmen Clelia Vernal,988460274,b214bc1@abretumundo.cl,SI,SI,SI,,
Biblioteca Pública 308 BC1,Tarapacá,Pica,Avenida Balmaceda 178,Gabriela Marcela Aranibar,                       ,b308bc1@abretumundo.cl,SI,SI,SI,,
Biblioteca Pública 306 BC1,Tarapacá,Pozo Almonte,Calle estacion 211,Ruth Mary Bahamondes,957540371,b306bc1@abretumundo.cl,SI,SI,SI,,
Biblioteca Pública 120 BC1,Antofagasta,Antofagasta,Calle San Martín 2736,Eva Candelaria Rojas,,b120bc1@abretumundo.cl,SI,NO,SI,,
Biblioteca Pública 122 BC1,Antofagasta,Antofagasta,Avenida Antonio Rendic 6147,Miriam Del Carmen Palacios,552887560,Miriam.palaciosh@imantof.cl,NO,NO,SI,,
Biblioteca Pública 124 BC1,Antofagasta,Antofagasta,Calle General Velásquez 1296,Melina Pascuala Ferreira,552887542,melina.ferreiraf@imantof.cl,NO,NO,SI,,
Biblioteca Regional 428 BC1,Antofagasta,Antofagasta,Calle Jorge Washington 2623,,                                ,,SI,SI,SI,,
Biblioteca Pública 220 BC1,Antofagasta,Calama,"Avenida Granaderos , Población Independencia 3724",Tatiana Valentina Neira,552865452,b220bc1@abretumundo.cl,N/S,N/S,N/S,,
Biblioteca Pública 359 BC1,Antofagasta,Calama,Calle Ramírez 2022,Edilia Jane Thompson,552865452,bibliotecatomaspaniri359@gmail.com,NO,SI,SI,,
Biblioteca Pública 217 BC1,Antofagasta,María Elena,Calle Luis Acevedo 86,Angélica Del Carmen Delgado,552892217,b217bc1@abretumundo.cl,NO,SI,SI,,
Biblioteca Pública 215 BC1,Antofagasta,Mejillones,Calle Borgoño s/n (entre Latorre y Ongolmo) s/n,Roxana Del Carmen Briceño,552557392,biblioteca@mejillones.cl,NO,SI,SI,,
Biblioteca Pública 216 BC1,Antofagasta,Ollagüe,Calle Antofagasta con Aucanquilcha /n s/n,Dina Danisa Valdivia,973934260,b116bc1@abretumundo.cl,NO,SI,SI,,
Biblioteca Pública 123 BC1,Antofagasta,San Pedro de Atacama,Calle Ignacio Carrera Pinto 547,Leslie Valeska Adasme,955285240,leslie.adasme@munispa.cl,NO,SI,SI,,
Biblioteca Pública 219 BC1,Antofagasta,Taltal,Calle Torreblanca 286,Ana María Estay,552611889,b219bc1@abretumundo.cl,SI,SI,SI,,
Biblioteca Pública 121 BC1,Antofagasta,Tocopilla,Calle Sucre s/n s/n,Ximena Paola Vera,552421369,xvera@imtocopilla.cl,NO,NO,NO,,
Biblioteca Pública 318 BC1,Atacama,Alto del Carmen,Avenida Jerónimo Godoy s/n S/N,Patricia Erika álvarez,512400578,biblioteca.madc@munialtodelcarmen.cl,SI,SI,SI,,
Biblioteca Pública 177 BC1,Atacama,Caldera,Avenida Cousiño 435,Enrique Antonio Rivera,994365792,erivera@caldera.cl,SI,SI,SI,,
Biblioteca Pública 094 BC1,Atacama,Chañaral,Calle Los Carreras 720,Omar Leoncio Monroy,996470135,b094bc1@abretumundo.cl,SI,SI,SI,,
Biblioteca Filial 094 BP1,Atacama,Chañaral,"Avenida Condell , El salado, Prov. Chañaral 540",Miguel Angel Ruiz,956534848,ruizalvarezx3@gmail.com,NO,SI,NO,,
Biblioteca Regional 129 BC1,Atacama,Copiapó,Calle Chacabuco 671,,,,NO,SI,NO,,
Biblioteca Pública 565 BC1,Atacama,Copiapó,Avenida Manuel Antonio Matta 260,Eduardo Cristobal Peña,996880008,eduardo.pena@copiapo.cl,SI,SI,SI,,
Biblioteca Pública 027 BC1,Atacama,Diego de Almagro,"Avenida Potrerillos Norte , El Salvador 710",Mariela Florentina Zamora,522475540,mariela.zamora@bibliotecaspublicas.cl,SI,SI,SI,,
Biblioteca Pública 317 BC1,Atacama,Diego de Almagro,"Avenida Juan Martinez, esq. Diego de Almagro 920",Millaray Scarlett Vásquez,522449245,biblioteca317dda@gmail.com,SI,SI,SI,,
Biblioteca Pública 152 BC1,Atacama,Freirina,Avenida Riquelme s/n 0,Oriel Uldarico álvarez,985971633,b152bc1@abretumundo.cl,SI,SI,SI,,
Biblioteca Pública 221 BC1,Atacama,Huasco,Avenida Craig 550,Isolina Isabel Olivares,974517609,isolinaolivares@imhuasco.cl,N/S,N/S,N/S,,
Biblioteca Pública 222 BC1,Atacama,Tierra Amarilla,Avenida Miguel Lemeur 501,Flavia Karina Espejo,956467605,b222bc1@abretumundo.cl,SI,SI,SI,,
Biblioteca Pública 025 BC1,Atacama,Vallenar,Avenida Brasil Esquina Ramirez s/n S/N,Mauricio Alejandro Rubio,993215371,mauricio.rubio@vallenar.cl,SI,SI,SI,,
Biblioteca Pública 035 BC1,Coquimbo,Andacollo,Avenida Urmeneta 936,Cecilia Del Rosario Aguirre,512431321,b035bc1@abretumundo.cl,NO,SI,SI,,
Biblioteca Pública 230 BC1,Coquimbo,Canela,Avenida Ignacio Carrera Pinto 300,Marisela Alejandra Cortés,961644306,mariselacortes2013@gmail.com,SI,SI,SI,,
Biblioteca Pública 225 BC1,Coquimbo,Combarbalá,"Avenida Carlos Dittborn S/N, Población O'Higgins. sn",Catalina Andrea Beltrán,569407302,catalinabeltrantoled012@gmail.com,NO,SI,SI,,
Biblioteca Pública 323 BC1,Coquimbo,Coquimbo,Avenida Fundición Sur 575,Paola Beatriz Barraza,512392276,b323bc1@abretumundo.com,NO,SI,NO,,
Biblioteca Pública 354 BC1,Coquimbo,Coquimbo,Avenida Malgarejo 1080,Edwards Alonso Olivárez,512313251,b354bc1@abretumundo.cl,SI,SI,SI,,
Biblioteca Filial 354 BP1,Coquimbo,Coquimbo,"Avenida Santiago Amengual , San Juan 390",Miriam Del Carmen Rivera,512313251,b354bc1@abretumundo.cl,NO,SI,NO,,
Biblioteca Filial 354 BP2,Coquimbo,Coquimbo,Avenida La Cantera 1951,Patricio Elías Manríquez,958943125,pmanriqueza@municoquimbo.cl,NO,SI,SI,,
Biblioteca Pública 369 BC1,Coquimbo,Illapel,Avenida O'Higgins 280,Viviana Karina Muñoz,945150323,viviana.041015@gmail.com,NO,SI,SI,,
Biblioteca Pública 229 BC1,Coquimbo,La Higuera,Avenida Pedro Pablo Muñoz 6,Pedro Balmaceda Romero,993449031,b229bc1@abretumundo.cl,NO,SI,SI,,
Biblioteca Filial 229 BP1,Coquimbo,La Higuera,Avenida Arturo Prat s/n,Isaías Alfredo Véliz,983790414,b229bp1@abretumundo.cl,NO,SI,NO,,
Biblioteca Pública 147 BC1,Coquimbo,La Serena,Avenida Los Carreras 135,Vladimir Hernán Romero,512206796,b147bc1@abretumundo.cl,NO,NO,SI,,
Biblioteca Filial 147 BP1,Coquimbo,La Serena,"Avenida Ramón Toro Gertosio s/n, Altovalsol s/n",Esau Segundo Cerda,976404770,b147bp1@abretumundo.cl,NO,SI,SI,,
Biblioteca Regional 465 BC1,Coquimbo,La Serena,Avenida Juan Jose Latorre 782,,,,NO,SI,NO,,
Biblioteca Pública 226 BC1,Coquimbo,Los Vilos,Avenida Costanera Salvador Allende s/n s/n,Carmen Dominga Trigo,985144504,b226bc1@abretumundo.cl,SI,SI,SI,,
Biblioteca Pública 228 BC1,Coquimbo,Monte Patria,Avenida Poniu S/N s/n,Nelson Wladimir Moroso,532354400,b228bc1@abretumundo.cl,NO,SI,SI,,
Biblioteca Pública 117 BC1,Coquimbo,Ovalle,Avenida Covarrubias 240,Grimaldina Iris Bruna,532625160,b117bc1@abretumundo.cl,SI,SI,SI,,
Biblioteca Pública 387 BC1,Coquimbo,Paihuano,Calle Luis Honorio Peralta s/n,Jeanette Annabela Amas,965844030,jea.amas@gmail.com,NO,SI,SI,,
Biblioteca Pública 227 BC1,Coquimbo,Punitaqui,Avenida Carlos Galleguillos s/n,Helia Marisol Cortés,983974370,b227bc1@abretumundo.cl,SI,SI,SI,,
Biblioteca Pública 367 BC1,Coquimbo,Río Hurtado,Avenida Única Serón s/n,Paula Arcenia Vega,998335760,bibliotecariohurtado@gmail.com,N/S,N/S,N/S,,
Biblioteca Pública 397 BC1,Coquimbo,Salamanca,Calle Ohiggins 570,Yortanka Milena Lazo,,yortanka.lazo@gmail.com,SI,SI,SI,,
Biblioteca Pública 022 BC1,Coquimbo,Vicuña,Avenida Chacabuco 334,Carmen Omara Villegas,512670315,b022bc1@abretumundo.cl,SI,SI,SI,,
Biblioteca Pública 375 BC1,Valparaíso,Algarrobo,Avenida Carlos Alessandri 1633,Felipe Miguel Antonio Retamales,352481952,b375bc1@abretumundo.cl,NO,SI,SI,,
Biblioteca Pública 365 BC1,Valparaíso,Calle Larga,,Jacqueline Del Carmen Albornoz,993344489,b365bc1@abretumundo.cl,SI,SI,SI,,
Biblioteca Pública 231 BC1,Valparaíso,Cartagena,Calle Almirante Latorre 475,Stephany Antonella Constanza Bailey,352200724,b231bc1@abretumundo.cl,SI,SI,SI,,
Biblioteca Pública 009 BC1,Valparaíso,Casablanca,Avenida Diego Portales 2,Margarita Violeta Miranda,322277436,b009bc1@abretumundo.cl,NO,SI,SI,,
Biblioteca Pública 050 BC1,Valparaíso,Catemu,Avenida Borjas Garcia Huidobro 25,Rosa Paola Pastén,342631364,b050bc1@abretumundo.cl,SI,SI,SI,,
Biblioteca Pública 235 BC1,Valparaíso,Concón,Calle Tierra Del Fuego 890,Priscilla Meredith Fajardo,322813991,b235bc1@abretumundo.cl,NO,SI,SI,,
Biblioteca Pública 239 BC1,Valparaíso,El Quisco,Avenida Dubornais 2021,Andrea Navarrete,352473978,b239bc1@abretumundo.cl,SI,SI,SI,,
Biblioteca Pública 097 BC1,Valparaíso,El Tabo,Calle Poeta Jonas 85,Jean Pierre Palacios,353524621,b097bc1@abretumundo.cl,SI,SI,SI,,
Biblioteca Pública 358 BC1,Valparaíso,El Tabo,"Calle Ignacio Carrera Pinto , Las Cruces 496",Judith Karina Muñoz,352439220,b358bc1@abretumundo.cl,NO,SI,SI,,
Biblioteca Pública 295 BC1,Valparaíso,Hijuelas,Avenida Cuartel 75,María Marcela Romero,332271138,b295bc1@abretumundo.cl,NO,SI,SI,,
Biblioteca Pública 331 BC1,Valparaíso,Juan Fernández,"Avenida Camino El Pangal s/n, Dependencias CONAF",Gregory Ignacio Paredes,,b331bc1@abretumundo.cl,NO,SI,SI,,
Biblioteca Pública 084 BC1,Valparaíso,La Calera,Avenida O'higgins 810,Virginia Del Carmen Loyola,332225043,b084bc1@abretumundo.cl,NO,SI,SI,,
Biblioteca Pública 234 BC1,Valparaíso,La Calera,"Avenida J.J. Nuñez Esquina Las Quintas, Artificio 57",Patricia Alejandra Cabrera,332221681,b234bc1@abretumundo.cl,SI,SI,SI,,
Biblioteca Pública 043 BC1,Valparaíso,La Ligua,Avenida Polanco 05,Teresa Del Carmen Araya,332342354,b298bc1@abretumundo.cl,SI,SI,NO,,
Biblioteca Pública 091 BC1,Valparaíso,Limache,Avenida Urmeneta 920,María Cecilia Bonilla,950074740,b091bc1@abretumundo.cl,NO,SI,NO,,
Biblioteca Pública 584 BC1,Valparaíso,Limache,Calle República 996,Marine Delgove,963473517,fundacionlumbre@gmail.com,NO,SI,SI,,
Biblioteca Pública 087 BC1,Valparaíso,Llaillay,Avenida Almirante Latorre 19,Melania Del Tránsito Rojas,342498649,b087bc1@abretumundo.cl,SI,SI,SI,,
Biblioteca Pública 232 BC1,Valparaíso,Los Andes,Avenida Independencia 594,Viviana Morelia Bugueño,342424432,b232bc1@abretumundo.cl,NO,SI,SI,,
Biblioteca Pública 181 BC1,Valparaíso,Nogales,Avenida Pedro Félix Vicuña 477,Horacio Enrique Tapia,332262590,b181bc1@abretumundo.cl,NO,SI,SI,,
Biblioteca Pública 350 BC1,Valparaíso,Nogales,"Avenida Los Cerezos 2699, Población Macal 3, El Melón 26993",Carolina Soledad Valenzuela,332280199,b350bc1@abretumundo.cl,NO,SI,NO,,
Biblioteca Pública 073 BC1,Valparaíso,Olmué,Avenida Arturo Prat 5002,Ana Rosa Núñez,,b073bc1@abretumundo.cl,NO,SI,SI,,
Biblioteca Pública 127 BC1,Valparaíso,Papudo,"Avenida Plaza de Armas, s/n 0",Paula Andrea Palacios,332325100,b127bc1@abretumundo.cl,NO,SI,SI,,
Biblioteca Pública 041 BC1,Valparaíso,Petorca,Avenida Manuel Montt 845,Pamela Estela Arredondo,332337863,b041bc1@abretumundo.cl,SI,SI,SI,,
Biblioteca Pública 237 BC1,Valparaíso,Puchuncaví,Calle Bernardo O´Higgins 140,Margarita Del Rosario Rojas,322139667,b237bc1@abretumundo.cl,NO,SI,SI,,
Biblioteca Pública 083 BC1,Valparaíso,Quillota,Avenida San Martín 336,Estefani Figueroa,985153899,b083bc1@abretumundo.cl,NO,SI,NO,,
Biblioteca Pública 088 BC1,Valparaíso,Quilpué,Calle Vicuña Mackena 684,ítalo Leandro Mansilla,322186240,italo.mansilla@quilpue.cl,SI,SI,SI,,
Biblioteca Pública 238 BC1,Valparaíso,Quintero,"Calle Arturo Prat , Centro Cultural “Lidia Irachet” 1960",Magaly Patricia Gaete,961201219,b238bc1@abretumundo.cl,SI,SI,SI,,
Biblioteca Pública 068 BC1,Valparaíso,San Antonio,Calle SANFUENTES 2365,Constanza José Vega,352337392,b068bc1@abretumundo.cl,NO,SI,SI,,
Biblioteca Pública 055 BC1,Valparaíso,San Esteban,Avenida Alessandri 95,Ana Isabel Morales,,b055bc1@abretumundo.cl,SI,SI,SI,,
Biblioteca Pública 086 BC1,Valparaíso,San Felipe,"Avenida Santiago Bueras , Curimón 895",Veronica Daniela Colarte,342530465,b086bc1@abretumundo.cl,SI,SI,SI,,
Biblioteca Pública 126 BC1,Valparaíso,San Felipe,Avenida Riquelme 60,Karina Alejandra Henríquez,342519043,b126bc1@abretumundo.cl,NO,SI,SI,,
Biblioteca Pública 125 BC1,Valparaíso,Santa María,Avenida Bernardo O'Higgins 823,Marcela Isabel Osorio,342581217,b125bc1@abretumundo.cl,SI,SI,SI,,
Biblioteca Pública 186 BC1,Valparaíso,Valparaíso,Calle Playa Ancha 201,Marissa Sandra Millapel,322288578,b186bc1@abretumundo.cl,SI,SI,SI,,
Biblioteca Pública 089 BC1,Valparaíso,Villa Alemana,Calle Valparaíso 471,Cristina Andrea Majmud,322952585,b089bc1@abretumundo.cl,NO,SI,NO,,
Punto Préstamo 605 PP1,Valparaíso,Viña del Mar,"Avenida Libertad (Jardines Palacio Carrasco, costado Norte) 250",María Elisa Del Carmen Pérez,322184414,marperez@munivina.cl,NO,SI,NO,,
Biblioteca Pública 433 BC1,Valparaíso,Zapallar,Avenida Cachagua 100,Paula Andrea Pavez,,b433bc1@abretumundo.cl,SI,SI,SI,,
iblioteca Pública 247 BC1,Libertador Gral. Bernardo O’Higgins,Chépica,Avenida 18 de Septiembre 3214,Jacqueline Del Carmen López,722817299,b247bc1@abretumundo.cl,NO,SI,SI,,
Biblioteca Pública 324 BC1,Libertador Gral. Bernardo O’Higgins,Chimbarongo,"Avenida Javiera Carrera s/n, Esquina Blanco Encalada s/i",Rosa Liliana Villaseca,722283920,b324bc1@abretumundo.cl,SI,SI,SI,,
Biblioteca Pública 053 BC1,Libertador Gral. Bernardo O’Higgins,Codegua,Avenida O'Higgins 300,María Teresa Carrasco,976694441,b053bc1@abretumundo.cl,SI,SI,SI,,
Biblioteca Pública 245 BC1,Libertador Gral. Bernardo O’Higgins,Coinco,Avenida Francisco Díaz Muñoz 44,Marisol Del Carmen Acevedo,722355906,biblioteca@municoinco.cl,SI,SI,SI,,
Biblioteca Pública 128 BC1,Libertador Gral. Bernardo O’Higgins,Doñihue,Avenida Dr. Sanhueza s/n (frente al Gimnasio Municipal) S/N,María Roxana Morán,722462990,b128bc1@abretumundo.cl,SI,SI,SI,,
Biblioteca Pública 195 BC1,Libertador Gral. Bernardo O’Higgins,Graneros,Avenida Plaza de Armas S/N S/N,Mariela Virginia Flores,722330587,B195.bc1@abretumundo.cl,SI,SI,SI,,
Biblioteca Pública 246 BC1,Libertador Gral. Bernardo O’Higgins,La Estrella,Avenida Arturo Prat # 150,Victoria Marcela Veas,722957520,b246bc1@abretumundo.cl,SI,SI,SI,,
Biblioteca Pública 240 BC1,Libertador Gral. Bernardo O’Higgins,Las Cabras,Calle John Kennedy 555,Juan Esteban Zúñiga,722501772,b240bc1@abretumundo.cl,SI,SI,SI,,
Biblioteca Pública 249 BC1,Libertador Gral. Bernardo O’Higgins,Machalí,Avenida San Juan 1200,Karen Patricia Gajardo,722746899,b249bc1@abretumundo.cl,SI,SI,SI,,
Biblioteca Pública 143 BC1,Libertador Gral. Bernardo O’Higgins,Malloa,Avenida Bernardo O'Higgins 89,Marcia Soledad Leyton,722387105,b143bc1@abretumundo.cl,SI,SI,SI,,
Biblioteca Pública 406 BC1,Libertador Gral. Bernardo O’Higgins,Marchihue,Calle Los Molinos S/N esq. Arturo Prat S/N,Magdalena Rosa Pino,971402086,b406bc1@abretumundo.cl,SI,SI,SI,,
Biblioteca Pública 038 BC1,Libertador Gral. Bernardo O’Higgins,Mostazal,,Magdalena Del Tránsito Moreno,979862117,b038bc1@abretumundo.cl,SI,SI,SI,,
Biblioteca Pública 250 BC1,Libertador Gral. Bernardo O’Higgins,Nancagua,Avenida José Domingo JaramilloJaramillo 99,Nazaret Sofía Aguilar,722858953,nazaret.aguilar@municipalidadnancagua.cl,SI,SI,SI,,
Biblioteca Pública 140 BC1,Libertador Gral. Bernardo O’Higgins,Navidad,Avenida Paseo Cultural Julio Jeria 16,Roque Patricio Venegas,722344540,b140bc1@abretumundo.cl,SI,SI,SI,,
Biblioteca Pública 051 BC1,Libertador Gral. Bernardo O’Higgins,Olivar,"Avenida José Hipólito Salas , Olivar Alto (a un costado de carabineros) 3",Yelko Antonio Miranda,722358371,b051bc1@abretumundo.cl,SI,SI,SI,,
Biblioteca Pública 408 BC1,Libertador Gral. Bernardo O’Higgins,Palmilla,Avenida Aníbal Pinto 1,Daniela María Rodríguez,722823513,b408bc1@abretumundo.cl,SI,SI,SI,,
Biblioteca Pública 248 BC1,Libertador Gral. Bernardo O’Higgins,Paredones,Avenida Camino A. Bucalemu s/n S/N,Yuri Angela Valenzuela,722399971,biblioteca@comunaparedones.cl,SI,SI,SI,,
Biblioteca Pública 242 BC1,Libertador Gral. Bernardo O’Higgins,Peralillo,Avenida Caupolican Población San Agustín 585,Norma Eliana Riveros,722861305,b242bc1@abretumundo.cl,SI,SI,SI,,
Biblioteca Pública 321 BC1,Libertador Gral. Bernardo O’Higgins,Pichidegua,Avenida Santa Maria s/n S/N,Nancy Margarita Pino,722591140,b321bc1@abretumundo.cl,SI,SI,SI,,
Biblioteca Pública 244 BC1,Libertador Gral. Bernardo O’Higgins,Pichilemu,"Avenida Agustin Ross , esq. Evaristo Merino 495",Jeanette Isabel González,722976597,b244bc1@abretumundo.cl,SI,SI,SI,,
Biblioteca Pública 289 BC1,Libertador Gral. Bernardo O’Higgins,Placilla,Avenida Oscar Gajardo esq. Fidel María Palleres 1967,Bárbara Patricia Rivera,949227710,barbarariverarojas610@gmail.com,SI,SI,SI,,
Biblioteca Pública 425 BC1,Libertador Gral. Bernardo O’Higgins,Pumanque,Avenida Rosario 705,Daniela Leticia Vidal,981762750,dvidal@munipumanque.cl,SI,SI,SI,,
Biblioteca Pública 146 BC1,Libertador Gral. Bernardo O’Higgins,Quinta de Tilcoco,Calle Castro 151,Andrea Alejandra Salazar,998487700,bibliopublicadequinta@gmail.com,N/S,N/S,N/S,,
Biblioteca Pública 261 BC1,Maule,Cauquenes,Avenida Claudina Urrutia esquina San Francisco s/n 0,Miguel Angel Medel,732563095,b261bc1@abretumundo.cl,SI,SI,SI,,
Biblioteca Pública 258 BC1,Maule,Chanco,Avenida Abdón Fuentealba 115,Elizabeth Ivonne Hormazábal,992904912,b258bc1@abretumundo.cl,SI,SI,SI,,
Biblioteca Pública 153 BC1,Maule,Colbún,Avenida Adolfo Novoa 220,Carmen Gloria Hernández,973908521,b153bc1@abretumundo.cl,SI,SI,SI,,
Biblioteca Pública 255 BC1,Maule,Constitución,Avenida Oñederra 525,Pedro Osvaldo Garay,956271623,b255bc1@abretumundo.cl,SI,SI,SI,,
Biblioteca Pública 252 BC1,Maule,Curepto,Avenida José Miguel Carrera 29,Verónica Teresa Covarrubias,752552336,b252bc1@abretumundo.cl,N/S,N/S,N/S,,
Biblioteca Pública 254 BC1,Maule,Curicó,Avenida Estado 498,Sonia Rosa Maturana,752315360,b254bc1@abretumundo.cl,SI,SI,SI,,
Biblioteca Pública 262 BC1,Maule,Curicó,Avenida Manso de Velasco 744,Nelson Luis Muñoz,752312157,b262bc1@abretumundo.cl,SI,SI,SI,,
Biblioteca Pública 253 BC1,Maule,Empedrado,Calle Manuel Rodriguez 251,María Loreto Bravo,990852457,b253bc1@abretumundo.cl,SI,SI,SI,,
Biblioteca Pública 343 BC1,Maule,Hualañé,"Avenida Ruta J-60 s/n, Ex Estación Ferrocarriles s/i",Jessica Del Carmen Guzmán,752544732,b343bc1@abretumundo.cl,SI,SI,SI,,
Biblioteca Pública 008 BC1,Maule,Linares,Avenida Manuel Rodríguez 698,Renato Octavio Urrea,732564638,b008bc1@abretumundo.cl,SI,SI,SI,,
Biblioteca Pública 154 BC1,Maule,Longaví,Avenida 1 Norte con 2 oriente s/n s/i,Francisco Javier Fuentealba,722491747,fuentealbach@gmail.com,SI,SI,SI,,
Biblioteca Pública 344 BC1,Maule,Maule,Avenida Balmaceda 485,Romina Alexandra Parra,958114956,b344bc1@abretumundo.cl,N/S,N/S,N/S,,
Biblioteca Pública 259 BC1,Maule,Molina,Avenida Luis Cruz Martínez 1653,Lucía Nelly Araneda,961573902,b259bc1@abretumundo.cl,SI,SI,SI,,
Biblioteca Pública 155 BC1,Maule,Parral,"Avenida Urrutia, 317 Edificio Consistorial 317",Máximo César Norambuena,732751587,b155bc1@abretumundo.cl,N/S,N/S,N/S,,
Biblioteca Pública 393 BC1,Maule,Pelarco,Calle San Pedro s/n s/i,Claudio Benito Salas,712238544,b393bc1@abretumundo.cl,N/S,N/S,N/S,,
Biblioteca Pública 373 BC1,Maule,Pelluhue,Avenida Padre Manuel Jofré 415,,,,SI,SI,SI,,
Biblioteca Pública 260 BC1,Maule,Pencahue,Avenida Hernando bravo de Villalba s/n,Gloria Teresa Morales,990841207,b260bc1@abretumundo.cl,SI,SI,SI,,
Biblioteca Pública 414 BC1,Maule,Río Claro,Calle Urcisinio Paz 0,Carmen Gloria Morales,983447132,b414bc1@abretumundo.cl,SI,SI,SI,,
Biblioteca Pública 018 BC1,Maule,Romeral,Avenida Libertad 1113,Cristian Fabricio Bravo,986597298,b018bc1@abretumundo.cl,SI,SI,SI,,
Biblioteca Pública 236 BC1,Maule,Sagrada Familia,Avenida Esperanza S/N s/i,Cristina Angélica Cruz,752545828,b236bc1@abretumundo.cl,N/S,N/S,N/S,,
Biblioteca Pública 330 BC1,Maule,San Clemente,,Katherine Consuelo González,978770823,b330bc1@abretumundo.cl,SI,SI,SI,,
Biblioteca Pública 257 BC1,Maule,San Javier,Calle Esmeralda 1351,Miriam Cecilia Campos,732560366,b257bc1@abretumundo.cl,SI,SI,SI,,
Biblioteca Pública 319 BC1,Maule,San Rafael,Calle San Rafael 443,Viviana Del Carmen Rojas,976694594,b319bc1@abretumundo.cl,SI,SI,SI,,
Biblioteca Pública 256 BC1,Maule,Talca,"Avenida Los Peumos , Villa La Florida 157",María Isabel Gavilán,712215120,b256bc1@abretumundo.cl,N/S,SI,SI,,
Biblioteca Pública 336 BC1,Maule,Talca,Avenida Dos Oriente 1031,,,,SI,SI,SI,,
Biblioteca Pública 157 BC1,Maule,Teno,Avenida Arturo Prat 365,Marisol Clementina Ramos,752552840,b157bc1@abretumundo.cl,SI,SI,SI,,
Biblioteca Pública 366 BC1,Maule,Vichuquén,"Avenida Ignacio Carrera Pinto s/n, LLico s/i",Ana Paz Beaumont,752555513,b366bc1@abretumundo.cl,SI,SI,NO,,
Biblioteca Pública 316 BC1,Maule,Villa Alegre,Calle Abate Molina 431,Candy Lorena Cabrera,983018037,b316bc1@abretumundo.cl,SI,SI,SI,,
Biblioteca Pública 020 BC1,Maule,Yerbas Buenas,"Avenida Juan de Dios Puga s/n, Complejo Criollo 0",Gladys Rosa San Martín,732620643,b020bc1@abretumundo.cl,SI,SI,SI,,
Biblioteca Pública 405 BC1,Biobío,Alto BioBío,,Molka Inés Poblete,432257873,b405bc1@abretumundo.cl,SI,SI,SI,,
Biblioteca Pública 148 BC1,Biobío,Antuco,Avenida Arturo Prat 105,Sandra Jeannette Osorio,958395547,b148bc1@abretumundo.cl,NO,SI,SI,,
Biblioteca Pública 058 BC1,Biobío,Arauco,Avenida Prat c/ Cochrane,María Magdalena Cortés,412921827,bibliotecamunicipal@muniarauco.cl,SI,SI,SI,,
Biblioteca Pública 063 BC1,Biobío,Cabrero,Avenida avenida vial 215 lote 1,Emily Makarena órdenes,996509134,eordenes@cabrero.cl,N/S,N/S,N/S,,
Biblioteca Pública 432 BC1,Biobío,Concepción,Avenida Víctor Lamas   615,,,,SI,SI,SI,,
Biblioteca Pública 040 BC1,Biobío,Coronel,Avenida Manuel Montt 970,Noemí Antonieta Gutiérrez,412710551,bp40coronel@gmail.com,N/S,N/S,N/S,,
Biblioteca Pública 060 BC1,Biobío,Curanilahue,"Avenida Arturo Prat , esquina Serrano 651",Teresa Gertrudis Pérez,412405999,biblioteca@munichue.cl,SI,SI,SI,,
Biblioteca Pública 264 BC1,Biobío,Florida,Avenida Eleuterio Ramírez 447,Jennifer Dennise Rojas,412999999,drojas@muniflorida.cl,N/S,N/S,N/S,,
Biblioteca Pública 267 BC1,Biobío,Hualpén,Calle Postdam 751,Carlos Patricio Toledo,412668159,ctoledo@hualpenciudad.cl,SI,SI,SI,,
Biblioteca Pública 067 BC1,Biobío,Laja,Avenida Fritz 200,Maribel Elena Lavín,957163132,bibliotecalaja67@gmail.com,SI,SI,SI,,
Biblioteca Pública 266 BC1,Biobío,Lebu,Avenida José Joaquin Pérez 547,Marta Evelyn Carrillo,949611111,cultura@lebu.cl,SI,SI,SI,,
Biblioteca Pública 273 BC1,Biobío,Los Álamos,Avenida Luis Saez Mora 310,Guadalupe Del Carmen Guzmán,,guadalupeguzman.patrimonio@gmail.com,SI,SI,SI,,
Biblioteca Pública 292 BC1,Biobío,Los Ángeles,Avenida O' Higgins 170,Ema Rosa Alina Pantoja,432218847,b292bc1@abretumundo.cl,SI,SI,SI,,
Biblioteca Filial 292 BP1,Biobío,Los Ángeles,"Avenida O'Higgins s/n, Santa Fe",René Rodrigo Contreras,432399127,b292bp1@abretumundo.cl,SI,SI,SI,,
Biblioteca Pública 049 BC1,Biobío,Mulchén,Avenida Sotomayor 441,Miriam Del Pilar Araya,432401438,b049bc1@abretumundo.cl,SI,SI,SI,,
Biblioteca Pública 075 BC1,Biobío,Nacimiento,Avenida Santa Margarita Esquina La Cruz s/n s/n,Orietta Stella Terán,988346296,b075bc1@abretumundo.cl,N/S,N/S,N/S,,
Biblioteca Pública 391 BC1,Biobío,Negrete,"Avenida Emilio Serrano , Negrete 2",Yanet Del Carmen Altamirano,432551501,b391bc@abretumundo.cl,SI,SI,SI,,
Biblioteca Pública 033 BC1,Biobío,Penco,Avenida Freire 600,Valentina Noemí Díaz,412455506,bibliotecadepenco@hotmail.com,SI,SI,SI,,
Biblioteca Pública 265 BC1,Biobío,Quilaco,,,,,NO ,SI,SI,,
Biblioteca Pública 517 BC1,Biobío,San Pedro de la Paz,Calle Colo Colo 249,Katherine Andrea Ortega,,kat.ortega.silva@gmail.com,SI,SI,SI,,
Biblioteca Pública 272 BC1,Biobío,San Rosendo,Avenida Balmaceda 41,Funny Karina Inostroza,,bibliotecapublicasanrosendo@gmail.com,SI,SI,SI,,
Biblioteca Pública 061 BC1,Biobío,Santa Bárbara,Avenida San Martín 599,Marcela Andrea Jara,432409939,marcela.jara@santabarbara.cl,SI,SI,SI,,
Biblioteca Pública 388 BC1,Biobío,Santa Juana,"Avenida José Cardenio Avello , Santa Juana 174",Yazmina Marisol Soraya Moscoso,412779519,bibliotecasantajuana@gmail.com,SI,SI,SI,,
Biblioteca Pública 270 BC1,Biobío,Tirúa,,Dina Marlit Carripan,412614098,b270bc1@abretumundo.cl,N/S,N/S,N/S,,
Biblioteca Pública 078 BC1,Biobío,Tucapel,"Avenida Independencia , Huepil 401",María Teresa Rivas,431974429,fflorespanes78@hotmail.com,N/S,N/S,N/S,,
Biblioteca Filial 078 BP1,Biobío,Tucapel,Avenida San Diego 359,Loren Luz Manosalva,968005882,b078bp1@abretumundo.cl,SI,SI,SI,,
Biblioteca Filial 078 BP2,Biobío,Tucapel,Avenida Pedro Aguirre Cerda 130,Patricia Del Carmen Rubilar,,prubilarc@gmail.com,SI,SI,SI,,
Biblioteca Filial 078 BP3,Biobío,Tucapel,,Teresa Del Carmen Mora,968632876,b078bp3@abretumundo.cl,SI,SI,SI,,
Biblioteca Pública 141 BC1,La Araucanía,Angol,Avenida Vergara 367,Bernardita Arlette Riffo,452990728,b141bc1@abretumundo.cl,SI,SI,SI,,
Biblioteca Filial 141 BP2,La Araucanía,Angol,Avenida Madison Winsconsin 2645,Juan Carlos Albarrán,973475145,b141bc1@abretumundo.cl,SI,SI,SI,,
Biblioteca Pública 138 BC1,La Araucanía,Carahue,Avenida Manuel Montt 295,Rosa Margarita Soto,452681625,138bc1@abretumundo.cl,SI,SI,SI,,
Biblioteca Filial 138 BP1,La Araucanía,Carahue,Avenida Prat 194,Albarita Alicia Rojas,962917484,b138bp1@abretumundo.cl,SI,SI,SI,,
Biblioteca Filial 138 BP2,La Araucanía,Carahue,Avenida Romilio Adriazola 20,Elsa Enaldy González,964063153,b138bp2@abretumundo.cl,SI,SI,SI,,
Biblioteca Pública 301 BC1,La Araucanía,Cholchol,Avenida Lazcano 571,Elena Elisabeth Gallardo,452745348,b301bc1@abretumundo.cl,SI,SI,SI,,
Biblioteca Pública 311 BC1,La Araucanía,Cunco,Avenida Santa María 12,María Elena Sandoval,977173589,b311bc1@abretumundo.cl,SI,SI,SI,,
Biblioteca Pública 134 BC1,La Araucanía,Curacautín,Avenida Serrano 295,Olga Rosa Vizcarra,452881694,b134bc1@abretumundo.cl,SI,SI,SI,,
Biblioteca Pública 356 BC1,La Araucanía,Curacautín,,Carmen Rosa Parra,962315148,b356bc1@abretumundo.cl,NO,SI,NO,,
Biblioteca Pública 345 BC1,La Araucanía,Curarrehue,Avenida Estadio esquina héroes de la concepción 0,Glenda Liz Infante,,b345bc1@abretumundo.cl,SI,SI,SI,,
Biblioteca Pública 275 BC1,La Araucanía,Ercilla,Avenida Ongolmo 279,Héctor Eduardo Bórquez,452757348,b275bc1@abretumundo.cl,SI,SI,SI,,
Biblioteca Pública 113 BC1,La Araucanía,Freire,Avenida Pedro Camalez 137,Hilda Haydée Sepúlveda,452973020,b113bc1@abretumundo.cl,SI,SI,SI,,
Biblioteca Filial 113 BP1,La Araucanía,Freire,"Avenida Serrano , Quepe 162",Marjorie Eresnalda Carrasco,452759321,b113bp1@abretumundo.cl,SI,SI,SI,,
Biblioteca Filial 113 BP2,La Araucanía,Freire,,José Marcelo Sandoval,982977807,b113bp2@abretumundo.cl,SI,SI,SI,,
Biblioteca Pública 119 BC1,La Araucanía,Galvarino,Avenida Independencia 354,Marcelo Alejandro Caro,452686430,b119bc1@abretumundo.cl,SI,SI,SI,,
Biblioteca Pública 386 BC1,La Araucanía,Gorbea,Avenida Lord Cochrane 499,Patricia Del Pilar Sanhueza,452972092,b386bc1@aabretumundo.cl,SI,SI,SI,,
Biblioteca Pública 160 BC1,La Araucanía,Lautaro,Avenida Vicuña Mackenna 180,Mirta Noelia Duran,453242214,b160bc1@abretumundo.cl,SI,SI,SI,,
Biblioteca Pública 081 BC1,La Araucanía,Loncoche,Avenida Manuel Bulnes 339,álvaro Mauricio San Martín,,b081bc1@abretumundo.cl,SI,SI,SI,,
Biblioteca Pública 277 BC1,La Araucanía,Lonquimay,Avenida Condell 985,Cecilia Del Pilar Contreras,452656111,b277bc1@abretumundo.cl,N/S,N/S,N/S,,
Punto Préstamo 576 PP1,La Araucanía,Lonquimay,Calle Camino Internacional Icalma -Melipeuco ruta S61 0,,,,SI,SI,SI,,
Biblioteca Pública 303 BC1,La Araucanía,Los Sauces,Avenida Ercilla 148,Liliana Angélica Guidotti,,b303bc1@abretumundo.cl,SI,SI,SI,,
Biblioteca Pública 385 BC1,La Araucanía,Lumaco,Avenida Balmaceda 376,Yilda Cid,,b385bc1@abretumundo.cl,SI,SI,SI,,
Biblioteca Pública 112 BC1,La Araucanía,Nueva Imperial,Avenida Ernesto Riquelme 106,Gustavo Soto,452613025,b112bc1@abretumundo.cl,SI,SI,SI,,
Biblioteca Pública 327 BC1,La Araucanía,Padre las Casas,Avenida Pleiteado 682,Milton Alejandro Garrido,,b327bc1@abretumundo.cl,N/S,N/S,N/S,,
Biblioteca Filial 327 BP1,La Araucanía,Padre las Casas,"Calle La Ilusión, Villa el Edén (al Interior del edificio de la Delegación Municipal) 411",Claudia Ines Alvarez,,,SI,SI,SI,,
Biblioteca Pública 279 BC1,La Araucanía,Perquenco,Avenida 21 de Mayo 448 21448,Patricia Margot Müller,452756240,b279bc1@abreumundo.cl,SI,SI,SI,,
Biblioteca Pública 315 BC1,La Araucanía,Pitrufquén,Avenida Vicuña Mackenna 891,Melissa Soledad Saldía,959084514,b315bp1@abretumundo.cl,SI,SI,SI,,
Biblioteca Filial 315 BP1,La Araucanía,Pitrufquén,Avenida Pje. La Carmelita 078,Fernando Alexi Echeverría,,b315bp1@abretumundo.cl,SI,SI,SI,,
Biblioteca Pública 374 BC1,La Araucanía,Pucón,Avenida Los Castaños 51,Luz Marina Gayoso,452442587,b374bc1@abretumundo.cl,SI,SI,SI,,
Biblioteca Pública 278 BC1,La Araucanía,Purén,Avenida Urrutia 213,Harold Adolfo Thiele,,b278@abretumundo.gob.cl,SI,SI,SI,,
Biblioteca Pública 280 BC1,La Araucanía,Renaico,Avenida Pedro de Valdivia . Población Los Conquistadores 370,Patricia Adriana Obreque,452774701,b280bc1@abretumundo.cl,SI,SI,SI,,
Biblioteca Filial 280 BP1,La Araucanía,Renaico,,Marcela Andrea Montoya,452774655,b280bp1@abretumundo.cl,SI,SI,SI,,
Biblioteca Filial 280 BP2,La Araucanía,Renaico,Calle Pedro de Valdivia 370,Valeska Del Carmen Díaz,452774655,b280bc1@abretumundo.cl,SI,SI,SI,,
Biblioteca Pública 302 BC1,La Araucanía,Saavedra,,Eugenia Del Pilar Vivanco,452655320,b302bc1@abretumundo.cl,NO,SI,SI,,
Biblioteca Filial 302 BP1,La Araucanía,Saavedra,,Flor Emelina Cofré,954277073,b302bp1@abretumundo.cl,SI,SI,SI,,
Biblioteca Filial 302 BP2,La Araucanía,Saavedra,,Julio Eduardo Chehuin,969024966,b302bp2@abretumundo.cl,SI,SI,SI,,
Biblioteca Pública 098 BC1,La Araucanía,Temuco,Avenida Arturo Prat 42,Rodrigo Antonio Hiriarte,988808185,rodrigo.hiriarte@temuco.cl,SI,SI,SI,,
Biblioteca Filial 098 BP2,La Araucanía,Temuco,"Avenida Puerto Edén , Villa Austral 1855",Yanette Eliana Correa,452281260,biblioteca.villaaustral@temuco.cl,SI,SI,SI,,
Biblioteca Filial 098 BP5,La Araucanía,Temuco,Avenida Curiñanco 40,Tatiana Del Carmen Palma,953712371,b300bc1@abretumundo.cl,SI,SI,SI,,
Biblioteca Pública 300 BC1,La Araucanía,Temuco,"Avenida José del Rosario Muñoz (Plaza Cautín), Sector Pichicautin 490",Jessica Pamela Gaete,953712371,b300bc1@abretumundo.cl,NO,SI,NO,,
Biblioteca Pública 469 BC1,La Araucanía,Temuco,Calle Las Delicias 431,Sandra Caroll Godoy,452746425,sandra.godoyv@bibliotecasdibam.cl,SI,SI,SI,,
Biblioteca Pública 281 BC1,La Araucanía,Teodoro Schmidt,Avenida Balmaceda 380,Yasna Balboa,959087683,b281bc1@abretumundo.cl,SI,NO,SI,,
Biblioteca Filial 281 BP1,La Araucanía,Teodoro Schmidt,,Marlene Del Carmen Opazo,990055351,b281bp1@abretumundo.cl,SI,SI,SI,,
Biblioteca Filial 281 BP2,La Araucanía,Teodoro Schmidt,,Erna Iris Varela,961807679,b281bp1@abretumundo.cl,SI,SI,SI,,
Biblioteca Pública 276 BC1,La Araucanía,Toltén,Calle Los Copihues 575,Nelly Odett Chávez,452924515,b276bc1@abretumundo.cl,SI,SI,SI,,
Biblioteca Pública 392 BC1,La Araucanía,Traiguén,Avenida Santa Cruz 632,Tamara Ximena Sepúlveda,452456621,b392bc1@abretumundo.cl,SI,SI,SI,,
Biblioteca Pública 116 BC1,La Araucanía,Victoria,Avenida Ramirez 256,Adriana Del Carmen Villalobos,452598515,b116bc1@abretumundo.cl,SI,SI,SI,,
Biblioteca Filial 274 BP1,La Araucanía,Vilcún,Avenida Libertad 313,Patricia Del Carmen Lillo,452566052,b274bp1@abretumundo.cl,SI,SI,SI,,
Biblioteca Filial 274 BP2,La Araucanía,Vilcún,"Avenida Gabriela Mistral , Cajón 145",Angélica Del Pilar Inaipil,452371112,b274bp2@abretumundo.cl,SI,SI,SI,,
Biblioteca Pública 072 BC1,La Araucanía,Villarrica,Avenida Pedro de Valdivia 1050,Roxana Del Carmen Díaz,452415706,b072bc1@abretumundo.cl,N/S,N/S,N/S,,
Biblioteca Filial 072 BP1,La Araucanía,Villarrica,Calle Cacique Curiñanco 315,Maria Carolina Herrera,978872947,b072bp1@abretumundo.cl,SI,SI,SI,,
Biblioteca Pública 002 BC1,Los Lagos,Ancud,Avenida Chacabuco 795,Kenneth Alexander Oyarzo,945126697,b002bc1@abretumundo.cl,N/S,N/S,N/S,,
Biblioteca Pública 023 BC1,Los Lagos,Calbuco,Calle Los Héroes 416,Mirta Eliana Vera,652461021,b023bc1@abretumundo.cl,N/S,N/s,N/s,,
Biblioteca Pública 003 BC1,Los Lagos,Castro,Avenida Chacabuco 410,Ignacio Esteban Ibáñez,652635076,b003bc1@abretumundo.cl,SI,SI,SI,,
Biblioteca Pública 224 BC1,Los Lagos,Cochamó,,Susana Beatriz Urrutia,999397046,b224bc1@abretumundo.cl,SI,SI,SI,,
Biblioteca Pública 371 BC1,Los Lagos,Cochamó,,Gloria Genoveva Ibáñez,996736484,b371bc1@abretumundo.cl,SI,SI,SI,,
Biblioteca Pública 363 BC1,Los Lagos,Fresia,Avenida San carlos 102,Andrea Bernardita Villalobos,935377221,b363bc1@abretumundo.cl,NO,SI,SI,,
Biblioteca Pública 320 BC1,Los Lagos,Frutillar,Avenida Cristino Winkler 798,Mónica Raquel González,652421471,b320bc1@abretumundo.cl,N/S,N/S,N/S,,
Biblioteca Pública 334 BC1,Los Lagos,Futaleufú,Avenida Bernardo O'Higgins 596,Ruth Fidela Vallejos,993700125,b334bc1@abretumundo.cl,SI,SI,SI,,
Biblioteca Pública 200 BC1,Los Lagos,Hualaihué,,Alejandra Soledad Leutún,961817323,b200bc1@abretumundo.cl,SI,SI,SI,,
Biblioteca Pública 372 BC1,Los Lagos,Llanquihue,Avenida Vicente Perez Rosales 226,María Angélica Reyes,652244553,b372bc1@abretumundo.cl,N/S,N/S,N/S,,
Biblioteca Pública 396 BC1,Los Lagos,Los Muermos,,Enolfa Del Carmen Ojeda,652211702,enolfiss@gmail.com,SI,SI,SI,,
Biblioteca Pública 204 BC1,Los Lagos,Maullín,Avenida de Mayo s/n 21,Camilo Andrés Navarro,652220217,b204bc1@abretumundo.cl,SI,SI,SI,,
Biblioteca Pública 080 BC1,Los Lagos,Osorno,"Avenida Juan de Dios Hernández s/n, Rahue Alto S/I",Maritza Lourdes Mayer,642203185,b080bc1@abretumundo.cl,SI,SI,SI,,
Biblioteca Pública 202 BC1,Los Lagos,Osorno,Avenida Rene Schneider 2236,Claudio Marcelo Lorca,958830528,b202bc1@abretumundo.cl,N/S,N/S,N/S,,
Biblioteca Pública 574 BC1,Los Lagos,Osorno,Calle Los Melíes s/n 0,Juan Carlos Uribe,642251348,juan.uribe@imo.cl,SI,NO ,SI,,
Biblioteca Pública 360 BC1,Los Lagos,Palena,"Avenida Pedro Montt s/n, Esquina Gral. Urrutia s/i",Tamara Fabiola Urzúa,652741438,b360bc1@abretumundo.cl,SI,SI,SI,,
Biblioteca Regional 048 BC1,Los Lagos,Puerto Montt,Avenida Quillota 113,,,,N/S,N/S,N/s,,
Biblioteca Pública 135 BC1,Los Lagos,Puerto Montt,"Avenida Camino Lago Chapo Km , Correntoso 32",Joaquín Ignacio Aubá,951270938,b135bc1@abretumundo.cl,N/S,N/S,N/S},,
Punto Préstamo 516 PP1,Los Lagos,Puerto Montt,Avenida La Cruz 1992,Huguette Angélica Silva,652482657,hugett7@gmail.com,N/s,N/S,N/S},,
Biblioteca Pública 578 BC1,Los Lagos,Puerto Montt,Calle Isla Robinson Crusoe 6369,Julia Belén Miranda,,b.rutaeltepual@gmail.com,SI,SI,SI,,
Biblioteca Pública 198 BC1,Los Lagos,Puerto Octay,Avenida Independencia 591,Víctor Eduardo Vidal,642391523,b198bc1@abretumundo.cl,SI,SI,SI,,
Biblioteca Pública 205 BC1,Los Lagos,Puerto Varas,Avenida Del Salvador 338 Piso 2 338,Cristian Rubén Saldivia,652361237,b205bc1@abretumundo.cl,SI,SI,SI,,
Biblioteca Pública 145 BC1,Los Lagos,Purranque,,Gloria Inés Almonacid,656523456,b145bc1@abretumundo.cl,N/S,N/S,N/S},,
Biblioteca Pública 199 BC1,Los Lagos,Puyehue,,Patricia Lagos,642218351,b199bc1@abretumundo.cl,SI,SI,SI,,
Biblioteca Pública 333 BC1,Los Lagos,Queilén,,Liliana Del Carmen Morales,652535351,b333bc1@abretumundo.cl,SI,SI,SI,,
Biblioteca Pública 093 BC1,Los Lagos,Quellón,Avenida 22 de Mayo 389 22389,Robinson Adrián Vargas,652680598,b093bc1@abretumundo.cl,SI,SI,SI,,
Biblioteca Pública 151 BC1,Los Lagos,Quemchi,Avenida Yungay 22,Catalina Andrea Castillo,652691469,b151bc1@abretumundo.cl,N/s,N/S,N/S},,
Biblioteca Filial 151 BP1,Los Lagos,Quemchi,Avenida Mechuque s/n 000,Camila Ninosca Cárcamo,652691413,b151bp1@abretumundo.cl,SI,SI,SI,,
Biblioteca Pública 210 BC1,Los Lagos,Quinchao,"Avenida Serrano , Achao 66",David Godofredo Bustamante,652661169,b210bc1@abretumundo.cl,SI,SI,SI,,
Biblioteca Pública 137 BC1,Los Lagos,Río Negro,Avenida Arturo Prat 575,Víctor Marcelo Adriazola,642362217,b137bc1@abretumundo.cl,SI,SI,SI,,
Biblioteca Pública 197 BC1,Los Lagos,San Juan de la Costa,Avenida Puaucho s/n S/I,Ulda Inés Vargas,958168063,b197bc1@abretumundo.cl,SI,SI,SI,,
Biblioteca Pública 325 BC1,Los Lagos,San Pablo,Avenida Bolivia 577,Zulema Del Carmen Villanueva,977401812,b325bc1@abretumundo.cl,SI,SI,SI,,
Biblioteca Pública 149 BC1,Aysén del General Carlos Ibáñez del Campo,Aisén,Avenida Bernardo O'Higgins 585,Yasna Minerva Jara,672336627,yjara@puertoaysen.cl,NO,SI,SI,,
Biblioteca Filial 149 BP1,Aysén del General Carlos Ibáñez del Campo,Aisén,"Calle Eusebio Ibar S/N, Villa Mañihuales 000",Pía Fiona Ehijos,963274798,pehijos@puertoaysen.cl,SI,SI,SI,,
Biblioteca Pública 285 BC1,Aysén del General Carlos Ibáñez del Campo,Chile Chico,Calle Pedro Burgos 335,Verónica Cecilia Díaz,672411355,biblioteca@chilechico.cl,SI,SI,SI,,
Biblioteca Pública 150 BC1,Aysén del General Carlos Ibáñez del Campo,Cisnes,Avenida Rafael Sotomayor 191,Yesenia Pilar Espinoza,966075917,yesenia.espinoza@municipalidadcisnes.cl,NO,SI,NO,,
Biblioteca Filial 150 BP1,Aysén del General Carlos Ibáñez del Campo,Cisnes,Avenida 05 De Abril Con Antonio Varas S/N 5,Zulema Del Carmen Soto,672314167,bibliotecalajunta@gmail.com,NO,SI,NO,,
Biblioteca Filial 150 BP2,Aysén del General Carlos Ibáñez del Campo,Cisnes,Avenida Otto Eubel S/N 000,Luisa Del Carmen Legue,672325244,biblioteca.puyuhuapi@municipalidadcisnes.cl,SI,SI,SI,,
Biblioteca Pública 284 BC1,Aysén del General Carlos Ibáñez del Campo,Cochrane,Avenida San Valentin 551,Otilia Del Carmen Bascuñán,672522595,otilia_597@hotmail.com,NO,SI,SI,,
Biblioteca Regional 052 BC1,Aysén del General Carlos Ibáñez del Campo,Coihaique,Avenida Lord Cochrane 233,,,,SI,SI,SI,,
Biblioteca Filial 052 BP1,Aysén del General Carlos Ibáñez del Campo,Coihaique,"Avenida Mackenna s/n ,Balmaceda s/n",Ada Luz Díaz,973201938,adaldiazb@gmail.com,NO,SI,NO,,
Biblioteca Filial 052 BP2,Aysén del General Carlos Ibáñez del Campo,Coihaique,"Avenida Ruta X-445, Villa Ortega, S/N s/n",Macarena Joselyn Aguilar,975148099,villaortegabiblioteca@gmail.com,NO,SI,NO,,
Biblioteca Filial 052 BP3,Aysén del General Carlos Ibáñez del Campo,Coihaique,Avenida Clodomiro Millar Manque S/ 000,Irene Paola Jara,983641515,irenedelvalle@outlook.com,NO,SI,NO,,
Biblioteca Filial 052 BP4,Aysén del General Carlos Ibáñez del Campo,Coihaique,Avenida Larga s/n 000,Maritza Raquel Vega,973868534,museo.valledelaluna@gmail.com,N/S,N/S,N/S,,
Punto Préstamo 583 PP1,Aysén del General Carlos Ibáñez del Campo,Coihaique,Avenida Ogana 1048,Cecilia Jacqueline Díaz,926314559,ceciliajdiazcarcamo@gmail.com,SI,SI,SI,,
Biblioteca Pública 185 BC1,Aysén del General Carlos Ibáñez del Campo,Guaitecas,"Avenida Costanera s/n, Melinka 000",Angélica Andrea Pichinao,956913761,apichinao@muniguaitecas.cl,SI,SI,SI,,
Biblioteca Pública 286 BC1,Aysén del General Carlos Ibáñez del Campo,Lago Verde,Avenida Trapananda s/n 000,,,,NO,SI,NO,,
Biblioteca Filial 286 BP1,Aysén del General Carlos Ibáñez del Campo,Lago Verde,Avenida Carmen Arias s/n esquina Francisca Castro 000,,,,SI,SI,SI,,
Biblioteca Pública 314 BC1,Aysén del General Carlos Ibáñez del Campo,O’Higgins,Avenida Lago Christie s/n 000,Evelyn Lorena Soto,672431881,e.soto@municipalidadohiggins.cl,SI,SI,SI,,
Biblioteca Pública 283 BC1,Aysén del General Carlos Ibáñez del Campo,Río Ibáñez,Calle Padre Antonio Ronchi 159,,,,NO,SI,NO,,
Biblioteca Filial 283 BP1,Aysén del General Carlos Ibáñez del Campo,Río Ibáñez,Avenida O'higgins esquina Manuel Montt s/n,Malva Rocío Hueytra,965938826,malva.rhu@gmail.com,NO,SI,NO,,
Biblioteca Filial 283 BP2,Aysén del General Carlos Ibáñez del Campo,Río Ibáñez,Avenida Los Arrayanes S/N,Daniela Solange Berrocal,942388193,bibliotranquilo@rioibanez.cl,SI,SI,SI,,
Biblioteca Pública 282 BC1,Aysén del General Carlos Ibáñez del Campo,Tortel,"Avenida Sector Base s/n, Caleta Tortel 000",Alejandro Enrique Moreno,946510167,amorenou89@gmail.com,SI,NO,SI,,
Biblioteca Pública 012 BC1,Magallanes y de la Antártica Chilena,Cabo de Hornos,"Avenida Yelcho , Puerto Williams 154",Luis Conrado González,997894289,b12bc1@abretumundo.cl,NO,NO,SI,,
Biblioteca Pública 014 BC1,Magallanes y de la Antártica Chilena,Natales,Avenida Pillipi 510,Arnaldo Javier Montenegro,612412313,arnaldo.montenegro@bibliotecaspublicas.gob.cl,N/S,N/S,N/S,,
Biblioteca Pública 191 BC1,Magallanes y de la Antártica Chilena,Natales,,Romina Alejandra Pizarro,934524184,escuelammontecinos@cormunat.cl,N/S,N/S,N/S,,
Biblioteca Pública 514 BC1,Magallanes y de la Antártica Chilena,Primavera,Calle Carlos Chacón s/n,Palmira Doraliza Del Carmen Vargas,953341731,museo@muniprimavera.cl,N/S,N/S,N/S,,
Biblioteca Pública 368 BC1,Magallanes y de la Antártica Chilena,Punta Arenas,Avenida 21 de mayo 1531 211531,,,,N/S,N/s,N/S,,
Punto Préstamo 568 PP1,Magallanes y de la Antártica Chilena,Timaukel,Calle Villa Cameron S/N 0,Mariela Ghislayne Sobarzo,942431288,secretaria.alcaldia@municipalidadtimaukel.cl,N/S,NO,SI,,
Biblioteca Pública 016 BC1,Magallanes y de la Antártica Chilena,Torres del Paine,"Avenida El Carretero s/n, Villa Cerro Castillo s/n",Ivonne Mariluz Lucero,612210573,biblioteca16@munitorresdelpaine.cl,NO,SI,SI,,
Biblioteca Pública 188 BC1,Metropolitana de Santiago,Alhué,Avenida Bernardo O'higgins s/n S/N,,,,SI,SI,SI,,
Biblioteca Pública 030 BC1,Metropolitana de Santiago,Buin,Calle Carlos Condell 501,María Margarita Ramírez,959131659,maramirez@buin.cl,SI,SI,SI,,
Biblioteca Pública 042 BC1,Metropolitana de Santiago,Buin,Avenida Clemente Diaz 584,Rodrigo Andrés Romero,972177412,rromeroo@buin.cl,SI,SI,SI,,
Biblioteca Pública 054 BC1,Metropolitana de Santiago,Calera de Tango,"Calle Calera de Tango, Paradero , Centro Cívico 6",Elisarda Ester Escobar,228551387,b054bc1@abretumundo.cl,SI,SI,SI,,
Biblioteca Pública 399 BC1,Metropolitana de Santiago,Cerrillos,Avenida Camino a Lonquén 7518,Carlos Alberto Peña,229036901,b399bc1@abretumundo.cl,SI,SI,SI,,
Biblioteca Pública 102 BC1,Metropolitana de Santiago,,"Avenida Mapocho 7360, 2° piso 7360",Lorena Andrea Araya,223804132,lorena.araya@cerronavia.cl,SI,SI,SI,,
Biblioteca Pública 032 BC1,Metropolitana de Santiago,Colina,Avenida Pedro Aguirre Cerda 07,Pilar Andrea Chacama,949590815,pchacama@corporacioncolina.cl,NO,SI,SI,,
Biblioteca Pública 037 BC1,Metropolitana de Santiago,Curacaví,Avenida Ambrosio OHiggins 1253,Carolina Del Carmen Moreno,222992171,biblioteca@municipalidadcuracavi.cl,SI,SI,SI,,
Biblioteca Pública 187 BC1,Metropolitana de Santiago,El Bosque,Avenida Eleuterio Ramirez 10264,Carlos Edmundo Leiva,925271804,carlos.leiva@municipalidadelbosque.cl,SI,SI,SI,,
Biblioteca Pública 189 BC1,Metropolitana de Santiago,El Monte,"Calle Independencia , Galería El Ángel Local F 80",Ana Elisa Gómez,225609750,b189bc1@abretumundo.cl,SI,SI,SI,,
Biblioteca Pública 103 BC1,Metropolitana de Santiago,Estación Central,Avenida Manuel Thompson 4308,álvaro Fidel Monge,227766436,alvaromonge@estacioncentral.cl,NO,SI,SI,,
Punto Préstamo 600 PP1,Metropolitana de Santiago,Estación Central,Avenida Hogar de Cristo 3812,Victoria Patricia Guajardo,971410720,vguajardo@hogardecristo.cl,SI,SI,SI,,
Biblioteca Pública 310 BC1,Metropolitana de Santiago,Huechuraba,Avenida Recoleta 5640,Gilda Paola Zúñiga,224850831,gilda.zuniga@eduacionhuechuraba.cl,SI,SI,SI,,
Biblioteca Pública 413 BC1,Metropolitana de Santiago,Independencia,Avenida Profesor Zañartu 1185,Isidora Moulian,951788590,imoulian@independenciacultural.cl,SI,SI,SI,,
Biblioteca Pública 196 BC1,Metropolitana de Santiago,Isla de Maipo,Calle Santelices 157,María Soledad Lillo,228769156,mlillo@islademaipo.cl,NO,SI,SI,,
Biblioteca Pública 357 BC1,Metropolitana de Santiago,Isla de Maipo,"Avenida Camino las Guías , Sector La Llaveria, San Vicente De Naltahua 5049",Julia Beatriz Berger,985147918,beatrizbergers@gmail.com,NO,SI,SI,,
Biblioteca Pública 309 BC1,Metropolitana de Santiago,La Cisterna,Avenida Gran Avenida José Miguel Carrera 8585A,Maximiliano Ross,954014205,tallereshistdearte@gmail.com,N/S,N/s,N/S,,
Módulo Bibliometro 400 PP14,Metropolitana de Santiago,La Cisterna,Avenida Américo Vespucio con Corredor Gran Avenida,,,,SI,SI,SI,,
Biblioteca Pública 115 BC1,Metropolitana de Santiago,La Florida,Avenida Américo Vespucio 7607,Macarena Escudero,225054737,mescudero@laforida.cl,N/s,N/S,N/s,,
Módulo Bibliometro 400 PP1,Metropolitana de Santiago,La Florida,Avenida Vicuña Mackenna Oriente con Serafín Zamora,,,,SI,SI,SI,,
Biblioteca Pública 028 BC1,Metropolitana de Santiago,La Granja,"Avenida San Gregorio (Centro Vasco, entrada por Serena) 494",Margarita Durban,992990245,margaritadurban@gmail.com,SI,SI,SI,,
Biblioteca Pública 294 BC1,Metropolitana de Santiago,La Pintana,Avenida Anibal Pinto 12952,Olga Vilma Rodríguez,223896953,b294bc1@abretumundo.cl,SI,SI,SI,,
Biblioteca Pública 183 BC1,Metropolitana de Santiago,La Reina,Avenida Larraín 8580,Ema Leonor Sáez,971514915,esaez@culturalareina.cl,SI,SI,SI,,
Biblioteca Pública 101 BC1,Metropolitana de Santiago,Lampa,Avenida Sargento Aldea 898,Luz Del Pilar González,226568651,bibliotecamunicipal@lampa.cl,NO,SI,NO,,
Módulo Bibliometro 400 PP18,Metropolitana de Santiago,Las Condes,,,,,N/s,N/S,N/s,,
Módulo Bibliometro 400 PP22,Metropolitana de Santiago,Las Condes,Avenida Apoquindo con Patagonia,,,,NO,SI,SI,,
Biblioteca Pública 069 BC1,Metropolitana de Santiago,Lo Barnechea,Calle Barnechea 1174,Carlos Fernando Cuevas,927543877,ccuevas@lobarnecheacultura.cl,SI,SI,SI,,
Biblioteca Pública 096 BC1,Metropolitana de Santiago,Lo Espejo,Avenida av.central (cardenal raul silva henriquez 7140,Daniela Paz Urbina,976466935,Daniela.urbina97@gmail.com,SI,SI,SI,,
Biblioteca Pública 021 BC1,Metropolitana de Santiago,Lo Prado,"Avenida Paseo de las Artes 880, Alt. Metro Lo Prado, Línea 5 8805",Rosa Elena Osorio,223887478,rosa.osorio@loprado.cl,N/s,N/S,N/S,,
Módulo Bibliometro 400 PP19,Metropolitana de Santiago,Lo Prado,Calle San Pablo con Neptuno,,,,N/s,N/s,N/s,,
Módulo Bibliometro 400 PP2,Metropolitana de Santiago,Lo Prado,Avenida Estación Metro San Pablo,,,,N/S,N/S,N/s,,
Módulo Bibliometro 400 PP21,Metropolitana de Santiago,Macul,Avenida Américo Vespucio con Departamental,,,,NO,SI,SI,,
Biblioteca Pública 378 BC1,Metropolitana de Santiago,Maipú,Avenida Rinconada 2000,,,,SI,SI,SI,,
Biblioteca Pública 379 BC1,Metropolitana de Santiago,Maipú,Avenida Alberto Llona 1921,,,,SI,SI,NO,,
Biblioteca Pública 380 BC1,Metropolitana de Santiago,Maipú,"Avenida Victoria de Abril , Villa Manuel Rojas, La Farfana 1354",Andrea Roxana González,972705807,agonzalezs@maipu.cl,N/s,N/S,N/s,,
Módulo Bibliometro 400 PP23,Metropolitana de Santiago,Maipú,Avenida Pajaritos con 5 de Abril,,,,SI,SI,SI,,
Biblioteca Pública 056 BC1,Metropolitana de Santiago,Melipilla,Calle Valparaíso 300,Rosa Erika Valenzuela,,b056bc1@abretumundo.cl,NO,SI,SI,,
Biblioteca Pública 390 BC1,Metropolitana de Santiago,Melipilla,Avenida Silva Chávez 480,Jorge Antonio Facuse,228312313,b390bc1@abretumundo.cl,N/S,N/s,N/s,,
Módulo Bibliometro 400 PP15,Metropolitana de Santiago,Ñuñoa,Avenida Irarrázaval con Av. Américo Vespucio,,,,N/s,N/s,N/S,,
Módulo Bibliometro 400 PP20,Metropolitana de Santiago,Ñuñoa,Avenida General Bustamante con Irarrázaval,,,,N/s,N/s,N/s,,
Biblioteca Pública 577 BC1,Metropolitana de Santiago,Ñuñoa,Avenida Irarrazaval 4055,Julia Gabriela Morales,233222957,jmorales@nunoa.cl,NO,SI,SI,,
Biblioteca Pública 362 BC1,Metropolitana de Santiago,Padre Hurtado,Avenida Primera Transversal 953,Jacqueline De Las Mercedes Rodríguez,225049939,b362bc1@abretumundo.cl,SI,SI,SI,,
Biblioteca Pública 029 BC1,Metropolitana de Santiago,Paine,Calle 18 de Septiembre 83 1883,Aída Josefina Azúa,228218653,029bc1@abretumundo.cl,NO,SI,SI,,
Biblioteca Pública 179 BC1,Metropolitana de Santiago,Pedro Aguirre Cerda,Calle P.º Grohnert 5510,Pamela Daniela Avilés,223965372,bibliotecamunicipal@pedroaguirrecerda.cl,SI,SI,SI,,
Biblioteca Pública 180 BC1,Metropolitana de Santiago,Peñaflor,Avenida Irarrázabal 85,Juana Nieves Aguilar,228121289,b180bc1@abretumundo.cl,SI,SI,SI,,
Biblioteca Pública 353 BC1,Metropolitana de Santiago,Peñaflor,Avenida Vicente Yañez Pinzón 534,Verónica Cristina Vidal,228141359,b353bc1@abretumundo.cl,SI,SI,SI,,
Biblioteca Pública 144 BC1,Metropolitana de Santiago,Peñalolén,Calle Grecia 6073,Eduardo Humberto Guerra,222726987,eguerra@penalolen.cl,SI,SI,SI,,
Biblioteca Pública 417 BC1,Metropolitana de Santiago,Peñalolén,Avenida Las Torres 5555,Francisco Manuel Inostroza,224868600,b416bc1@abretumundo.cl,N/s,N/s,N/s,,
Módulo Bibliometro 400 PP11,Metropolitana de Santiago,Providencia,Avenida Tobalaba con Providencia,,,,N/s,N/s,N/s,,
Módulo Bibliometro 400 PP6,Metropolitana de Santiago,Providencia,,,,,SI,SI,SI,,
Biblioteca Pública 011 BC1,Metropolitana de Santiago,Pudahuel,Calle La Estrella 962-B,Hortensia Muñoz,229936206,imunozp@codep.cl,SI,SI,SI,,
Biblioteca Pública 105 BC1,Metropolitana de Santiago,Pudahuel,Avenida San Pablo 9078,Andrea Monserrat Fuenzalida,226670741,b105bc1@abretumundo.cl,N/s,N/s,N/S,,
Biblioteca Pública 549 BC1,Metropolitana de Santiago,Pudahuel,Avenida Laguna Sur 8708,Diana Garcia,225820752,dgarcia@codep.cl,N/s,N/s,N/S,,
Punto Préstamo 587 PP1,Metropolitana de Santiago,Pudahuel,Calle Lebreres 8840,,,,N/s,N/s,N/S,,
Punto Préstamo 588 PP1,Metropolitana de Santiago,Pudahuel,Avenida Colonos esquinq Bolivar 0,Cindye Marisol Farías,994786481,colonos.administrativo@codep.cl,N/s,N/S,N/S,,
Biblioteca Pública 590 BC1,Metropolitana de Santiago,Pudahuel,Avenida San Pablo 8428,Camila Francisca Blanche,932844063,bibliotecasanpablo@codep.cl,NO,SI,SI,,
Biblioteca Pública 013 BC1,san josé de maipo,Puente Alto,Avenida Balmaceda 428,Nelson Alejandro Carvajal,924344771,nelson.carvajal@cmpuentealto.cl,SI,SI,SI,,
Biblioteca Pública 349 BC1,Metropolitana de Santiago,Puente Alto,Calle Concha y Toro 507,,,,NO,SI,SI,,
Biblioteca Filial 349 BP1,Metropolitana de Santiago,Puente Alto,Avenida Eyzaguirre 2115,Ximena Del Pilar Roa,924344771,nelson.carvajal@cmpuentealto.cl,N/s,N/s,N/s,,
Módulo Bibliometro 400 PP12,Metropolitana de Santiago,Puente Alto,Avenida Manuel Rodríguez con Concha y Toro,,,,N/s,N/s,N/s,,
Biblioteca Filial 600 BP6,Metropolitana de Santiago,Puente Alto,Avenida Concha y Toro 507,,,,NO,SI,SI,,
Punto Préstamo 600 PP2,Metropolitana de Santiago,Puente Alto,Calle Sargento Manadier . Población Maipo 3,Héctor Gonzalo Rivera,924344771,nelson.carvajal@cmpuentealto.cl,SI,SI,SI,,
Biblioteca Pública 352 BC1,Metropolitana de Santiago,Quilicura,Avenida O'Higgins 281,Guillermo Cristóbal Tonelli,229446234,bibliotecamunicipal@quilicura.cl,N/s,N/S,N/S,,
Módulo Bibliometro 400 PP16,Metropolitana de Santiago,Quinta Normal,Avenida Matucana 466,,,,SI,SI,SI,,
Biblioteca Pública 412 BC1,Metropolitana de Santiago,Quinta Normal,"Avenida Radal , esquina Padre Tadeo 1693",Carolina Inés Olivera,228928789,carolina.olivera@quintanormal.cl,NO,SI,SI,,
Biblioteca Pública 161 BC1,Metropolitana de Santiago,Recoleta,Avenida Inocencia 2705,Pablo Ariel Jara,229457703,pjara@recoleta.cl,N/s,N/s,N/s,,
Módulo Bibliometro 400 PP13,Metropolitana de Santiago,Recoleta,Avenida Principal Capitán Ignacio Carrera Pinto.,,,,N/s,N/s,N/s,,
Punto Préstamo 483 PP1,Metropolitana de Santiago,Recoleta,Avenida Perú 1001,Felipe Gabriel Fonseca,987399010,biblioparquepabloneruda@gmail.com,SI,SI,SI,,
Biblioteca Pública 194 BC1,Metropolitana de Santiago,Renca,Avenida Domingo Santa María 3987,Mario Enrique Varas,935011877,biblioteca@renca.cl,SI,SI,SI,,
Biblioteca Pública 079 BC1,Metropolitana de Santiago,San Bernardo,Avenida Freire 473,María Soledad Gallo,229270932,sgalloc@sanbernardo.cl,NO,SI,SI,,
Biblioteca Pública 184 BC1,Metropolitana de Santiago,San Miguel,Avenida Llano Subercaseaux 3519,Carolina Andrea Peñaloza,228201208,cpenaloza@corporacionsanmiguel.cl,NO,SI,NO,,
Módulo Bibliometro 400 PP4,Metropolitana de Santiago,San Miguel,,,,,NO,SI,SI,,
Biblioteca Pública 107 BC1,Metropolitana de Santiago,San Pedro,Calle Hermosilla 11,Susana Del Carmen Soto,,b107bc1@abretumundo.cl,SI,SI,SI,,
Biblioteca Pública 104 BC1,Metropolitana de Santiago,Santiago,Avenida Guardia Marina Ernesto Riquelme 226,Bárbara Francisca Díaz,226881247,bmedina@munistgo.cl,SI,SI,SI,,
Biblioteca Filial 104 BP1,Metropolitana de Santiago,Santiago,Avenida Santo Domingo 2398,,,,SI,SI,SI,,
Biblioteca Regional 347 BC1,Metropolitana de Santiago,Santiago,Avenida Matucana 151,,,,N/s,N/s,N/S,,
Módulo Bibliometro 400 PP10,Metropolitana de Santiago,Santiago,Calle Paseo 21 de mayo con Monjitas,,,,N/S,N/S,N/s,,
Módulo Bibliometro 400 PP17,Metropolitana de Santiago,Santiago,Calle Placer con Nataniel Cox,,,,NO,SI,NO,,
Módulo Bibliometro 400 PP31,Metropolitana de Santiago,Santiago,Calle Huérfanos 1501-1531,,,,N/s,N/S,N/s,,
Módulo Bibliometro 400 PP5,Metropolitana de Santiago,Santiago,,,,,NO,SI,SI,,
Biblioteca Pública 560 BC1,Metropolitana de Santiago,Santiago,Calle Ventura Lavalle 470,Estefani Diaz,996593265,estefanidiaz@spalabras.cl,NO,SI,NO,,
Biblioteca Pública 562 BC1,Metropolitana de Santiago,Santiago,Calle Agustinas 1389,Camila Constanza Reyes,961184702,creyes@prodemu-externo.cl,N/S,N/s,N/S,,
Biblioteca Pública 569 BC1,Metropolitana de Santiago,Santiago,Calle Morandé 226 piso 4,Mónica Daniela Acosta,977083630,macosta@minciencia.gob.cl,N/S,N/S,N/s,,
Punto Préstamo 579 PP1,Metropolitana de Santiago,Santiago,Calle Merced 860,Constanza Elizabeth Castro,223867618,constanzacastrofigueroa@gmail.com,N/S,N/S,N/s,,
Módulo Bibliometro 613 PP2,Metropolitana de Santiago,Santiago,,,,,NO,SI,SI,,
Biblioteca Pública 036 BC1,Metropolitana de Santiago,Talagante,Avenida Balmaceda s/n S/N,María Del Carmen Madariaga,228559699,b036bc1@abretumundo.cl,NO,SI,SI,,
Biblioteca Pública 118 BC1,Metropolitana de Santiago,Talagante,Calle B.O'Higgins 1528,Natalia Purísima Durán,966808411,natalia.duran05@gmail.com,SI,SI,SI,,
Biblioteca Pública 398 BC1,Metropolitana de Santiago,Tiltil,Avenida Ignacio Carrera Pinto 2,Erika Sylvia Guerrero,228462802,eguerrero3617@gmail.com,NO,SI,NO,,
Biblioteca Pública 436 BC1,Metropolitana de Santiago,Vitacura,Avenida San José de María Escrivá de Balaguer 6420,Marjoriet Alexandra Muñoz,222403688,amunoz@vitacura.cl,N/S,N/S,N/S,,
Biblioteca Pública 206 BC1,Los Ríos,Corral,Avenida de Mayo s/n 6,Perty Del Carmen Coronado,632471826,b206bc1@abretumundo.cl,SI,SI,SI,,
Biblioteca Pública 332 BC1,Los Ríos,Futrono,Avenida Caupolicán Esq Juan Luis Sanfuentes s/i,Lorena Marisol Carrillo,632482639,b332bc1@abretumundo.cl,N/S,N/S,N/S,,
Biblioteca Pública 291 BC1,Los Ríos,La Unión,Avenida Arturo Prat 680,,,,SI,SI,SI,,
Biblioteca Pública 208 BC1,Los Ríos,Lago Ranco,Avenida Valparaíso 401,Doris Adela Morales,632491212,doadema@hotmail.com,SI,SI,SI,,
Biblioteca Pública 411 BC1,Los Ríos,Lanco,Avenida Centenario 171,Claudia Raquel Vásquez,977955151,claudia.vasquez@munilanco.cl,NO,SI,NO,,
Biblioteca Filial 411 BP1,Los Ríos,Lanco,Avenida Arturo Prat s/n 586,María Del Carmen Santiesteban,632207662,b411bc1@abretumundo.cl,SI,SI,SI,,
Biblioteca Pública 203 BC1,Los Ríos,Los Lagos,Avenida San Martín 1,Verónica Palmira Ordóñez,632461822,b203bc1@abretumundo.cl,N/S,N/S,N/S,,
Punto Préstamo 614 PP1,Los Ríos,Los Lagos,Avenida Castro 128,,,,SI,SI,SI,,
Biblioteca Pública 130 BC1,Los Ríos,Máfil,Avenida Chacabuco 770,,,,NO,SI,SI,,
Biblioteca Pública 348 BC1,Los Ríos,Mariquina,Avenida Alejo Carrillo 85,Karin Roxana Müller,632452519,b348bc1@abretumundo.cl,SI,SI,SI,,
Biblioteca Pública 019 BC1,Los Ríos,Paillaco,Calle 18 de Octubre 840,Carolina Del Pilar Jaramillo,632422556,b019bc1@abretumundo.cl,N/S,N/S,N/S,,
Punto Préstamo 614 PP3,Los Ríos,Paillaco,,,,,NO,SI,SI,,
Biblioteca Pública 296 BC1,Los Ríos,Panguipulli,"Avenida Acharan Arce , Población Bernardo O'higgins 292",Olga Edith Nass,632310456,b296bc1@abretumundo.cl,SI,SI,SI,,
Biblioteca Pública 201 BC1,Los Ríos,Río Bueno,Avenida Manuel Rodriguez 370,María Angélica Medina,642341189,b201bc1@abretumundo.cl,SI,SI,SI,,
Biblioteca Pública 212 BC1,Arica y Parinacota,Arica,Calle Baquedano 094,Violeta Paz Solar,582386591,b212bc1@abretumundo.cl,SI,SI,SI,,
Biblioteca Pública 402 BC1,Arica y Parinacota,Arica,Avenida Loa 2550,Ximena Inés Alfaro,582386586,b402bc1@abretumundo.cl,SI,SI,SI,,
Biblioteca Pública 403 BC1,Arica y Parinacota,Arica,Calle Samo Alto 3347,Yasna Del Pilar Silva,582386582,b403bc1@abretumundo.cl,SI,SI,SI,,
Biblioteca Pública 338 BC1,Arica y Parinacota,Camarones,"Avenida 7 de Junio s/n, Codpa S/N",Adriana Marcela Rosa Pizarro,956045936,b338bc1@abretumundo.cl,NO,SI,SI,,
Biblioteca Pública 339 BC1,Arica y Parinacota,Camarones,Avenida Los Pimientos s/n S/N,Daniel Guillermo Carisaya,977434192,Biblioteca.camarones@municamarones.cl,SI,SI,SI,,
Biblioteca Pública 342 BC1,Arica y Parinacota,General Lagos,Avenida Visviri S/N,Gino Raúl Grunewald,963061754,B342bc1@abretumundo.cl,NO,SI,SI,,
Biblioteca Pública 213 BC1,Arica y Parinacota,Putre,Avenida Jose Miquel Carrera 350,Elia Carolina Flores,953857911,Elia.floires@imputre.cl,SI,SI,SI,,
Biblioteca Pública 567 BC1,Ñuble,Bulnes,Calle Arturo Prat 367,Jonas Alexander Valenzuela,994722273,jvalenzuela@imb.cl,SI,SI,SI,,
Biblioteca Pública 010 BC1,Ñuble,Chillán,Calle O'Higgins 1307,Rodrigo Juvenal Provoste,422224257,b010bc1@abretumundo.cl,NO,SI,NO,,
Biblioteca Pública 293 BC1,Ñuble,Chillán,Avenida Arauco 974,Humberto Edgardo Torres,422433367,b293bc1@abretumundo.cl,NO,SI,NO,,
Biblioteca Pública 526 BC1,Ñuble,Chillán,Calle El Roble 1051,álvaro Javier Reinoso,948538466,alvaro.reinoso@usach.cl,SI,SI,SI,,
Biblioteca Pública 434 BC1,Ñuble,Chillán Viejo,Avenida Serrano 380,Leonardo Antonio Cortés,993717085,leonardo.cortes@chillanviejo.cl,NO,SI,SI,,
Biblioteca Pública 268 BC1,Ñuble,Cobquecura,Avenida Rehue 492,María Soledad Bettancourt,421976046,b268bc1@abretumundo.cl,SI,SI,SI,,
Biblioteca Pública 162 BC1,Ñuble,Coelemu,Calle Manuel Antonio Matta 486,Susana Elizabeth Sepúlveda,422204952,b162bc1@abretumundo.cl,SI,SI,SI,,
Biblioteca Pública 192 BC1,Ñuble,Coihueco,Avenida Luis Hermosilla 1448,Gilda Del Carmen Gajardo,422471007,b192bc1@abretumundo.cl,SI,SI,SI,,
Biblioteca Pública 409 BC1,Ñuble,El Carmen,"Calle Manuel Rodriguez , esq. Andrés Bello 315",Jaime Alejandro Bravo,975299777,jaimebravorojas@yahoo.es,NO,SI,SI,,
Biblioteca Pública 271 BC1,Ñuble,Ñiquén,"Avenida Estado s/n, San Gregorio S/N",Fabiola Maricela Olea,998405334,b271bc1@abretumundo.cl,NO,NO,SI,,
Biblioteca Pública 404 BC1,Ñuble,Pemuco,Avenida Miraflores 585,Luis Fernando Benavente,994130601,bpemuco404@gmail.com,SI,SI,SI,,
Biblioteca Pública 401 BC1,Ñuble,Pinto,Avenida José Manuel Balmaceda esq. Ernesto Riquelme S/N,Patricio Alejandro Cervera,973535607,cultura@munipinto.cl,SI,SI,SI,,
Biblioteca Pública 269 BC1,Ñuble,Portezuelo,Avenida Carrera 71,Marta Cecilia Jara,995262422,bibliotecadeportezuelo@gmail.com,SI,SI,SI,,
Biblioteca Pública 066 BC1,Ñuble,Quillón,Avenida O Higgins 543,Anacarina Micaella Conzué,422207161,biblioteca@quillon.cl,SI,SI,SI,,
Biblioteca Pública 065 BC1,Ñuble,Quirihue,Avenida Independencia 699,Nadya Loreto Henríquez,957654368,nadya.henriquezm@gmail.com,SI,SI,SI,,
Biblioteca Pública 159 BC1,Ñuble,San Carlos,Avenida Maipú 743,Blas Orlando Cabrera,422201497,b159bc1@abretumundo.cl,SI,SI,SI,,
Biblioteca Filial 159 BP1,Ñuble,San Carlos,"Avenida Los Castaños esq. Lenga, Villa Pablo Neruda 885",Rodolfo Luis San Juan,422414606,rodolfo_sanjuan@hotmail.com,SI,SI,SI,,
Biblioteca Pública 077 BC1,Ñuble,San Fabián,Avenida Caupolicán 325,Clara Luz Pinilla,966364106,clara.pinilla.g@gmail.com,SI,SI,SI,,
Biblioteca Pública 024 BC1,Ñuble,San Ignacio,Avenida Ángel Custodio Hernández 554,Gladys Del Carmen Flores,422651018,b024bc1@abretumundo.cl,SI,SI,SI,,
Biblioteca Filial 024 BP1,Ñuble,San Ignacio,Avenida Los Notros 530,Magaly Elena Maldonado,956520723,b024bp1@abretumundo.cl,SI,SI,SI,,
Biblioteca Filial 024 BP2,Ñuble,San Ignacio,Avenida Aliro Saavedra 802,María Isabel Villablanca,976044551,m.villablancaocares@gmail.com,NO,SI,SI,,
Biblioteca Pública 142 BC1,Ñuble,San Nicolás,Avenida Balmaceda s/n S/N,Vidolita Elizabeth Durán,422561416,b142bc1@abretumundo.cl,NO,SI,NO,,
Biblioteca Pública 410 BC1,Ñuble,Treguaco,Avenida Lautaro 410,Cecilia Del Carmen Bello,422832238,b410bc1@abretumundo.cl,SI,SI,SI,,
Biblioteca Pública 064 BC1,Ñuble,Yungay,Avenida Arturo Prat 385,Paulina Ivonne ávila,422205670,b064bc1@abretumundo.cl,,,,,
